Species,Genus,SpeciesPurvis,GenusPurvis,Taxon,Great ape,Innovation,Tool use,Extractive foraging,Social learning,Innovation (Reduced),Tool use (Reduced),Extractive foraging (Reduced),Journal Search Article Count,Zoological Record Article Count,Journal reports (2002 dataset),Innovation (2002 dataset),Social learning  (2002 dataset),Tool use (2002 dataset),Ateles belzebuth,Ateles,Ateles belzebuth,Ateles,Simian,No,0,0,0,0,0,0,0,4,12,2,0,0,0,Ateles chamek,Ateles,Ateles chamek,Ateles,Simian,No,0,0,0,0,0,0,0,1,,,,,,Ateles fusciceps,Ateles,Ateles fusciceps,Ateles,Simian,No,0,0,0,0,0,0,0,2,4,,,,,Ateles geoffroyi,Ateles,Ateles geoffroyi,Ateles,Simian,No,0,0,0,2,0,0,0,23,58,5,0,2,0,Ateles paniscus,Ateles,Ateles paniscus,Ateles,Simian,No,0,0,0,0,0,0,0,5,30,2,0,0,0,Callimico goeldii,Callimico,Callimico goeldii,Callimico,Simian,No,1,0,1,0,0,0,0,19,43,6,1,0,0,Callithrix argentata,Callithrix,Callithrix argentata,Callithrix,Simian,No,0,0,0,0,0,0,0,3,16,,,,,Callithrix aurita,Callithrix,Callithrix aurita,Callithrix,Simian,No,0,0,0,0,0,0,0,4,,,,,,Callithrix flaviceps,Callithrix,Callithrix flaviceps,Callithrix,Simian,No,0,0,0,0,0,0,0,1,,,,,,Callithrix geoffroyi,Callithrix,Callithrix geoffroyi,Callithrix,Simian,No,0,0,0,0,0,0,0,8,,,,,,Callithrix humeralifer,Callithrix,Callithrix humeralifer,Callithrix,Simian,No,0,0,0,0,0,0,0,,4,,,,,Callithrix jacchus,Callithrix,Callithrix jacchus,Callithrix,Simian,No,1,0,2,2,0,0,1,99,161,29,1,1,0,Callithrix kuhli,Callithrix,Callithrix kuhli,Callithrix,Simian,No,0,0,0,0,0,0,0,21,,,,,,Callithrix mauesi,Callithrix,Callithrix mauesi,Callithrix,Simian,No,0,0,0,0,0,0,0,1,,,,,,Callithrix penicillata,Callithrix,Callithrix penicillata,Callithrix,Simian,No,0,0,0,0,0,0,0,1,,,,,,Callithrix pygmaea,Callithrix,Cebuella pygmaea,Cebuella,Simian,No,1,0,0,0,1,0,0,5,36,3,1,0,0,Cebus albifrons,Cebus,Cebus albifrons,Cebus,Simian,No,0,3,3,1,0,0,0,5,13,1,0,1,1,Cebus apella,Cebus,Cebus apella,Cebus,Simian,No,39,64,56,17,3,11,7,111,249,27,37,15,51,Cebus capucinus,Cebus,Cebus capucinus,Cebus,Simian,No,4,7,3,5,2,4,1,37,60,9,4,3,7,Cebus olivaceus,Cebus,Cebus olivaceus,Cebus,Simian,No,4,3,2,0,1,0,0,11,18,,,,,Daubentonia madagascariensis,Daubentonia,Daubentonia madagascariensis,Daubentonia,Prosimian,No,4,2,6,0,0,0,2,29,52,21,3,0,1,Gorilla gorilla,Gorilla,Gorilla gorilla,Gorilla,Simian,Great ape,25,21,12,13,6,3,2,112,517,39,21,10,16,Lagothrix flavicauda,Lagothrix,Lagothrix flavicauda,Lagothrix,Simian,No,0,0,0,0,0,0,0,,2,,,,,Lagothrix lagotricha,Lagothrix,Lagothrix lagotricha,Lagothrix,Simian,No,0,0,0,0,0,0,0,12,34,,,,,Macaca arctoides,Macaca,Macaca arctoides,Macaca,Simian,No,1,1,1,1,0,0,0,39,48,12,1,1,1,Macaca assamensis,Macaca,Macaca assamensis,Macaca,Simian,No,0,0,0,0,0,0,0,5,17,,,,,Macaca cyclopis,Macaca,Macaca cyclopis,Macaca,Simian,No,0,0,0,0,0,0,0,7,12,1,0,0,0,Macaca fascicularis,Macaca,Macaca fascicularis,Macaca,Simian,No,7,3,2,7,6,1,0,149,174,29,7,7,3,Macaca fuscata,Macaca,Macaca fuscata,Macaca,Simian,No,26,5,16,45,12,0,3,124,253,55,23,44,3,Macaca maura,Macaca,Macaca maurus,Macaca,Simian,No,0,0,0,0,0,0,0,8,22,2,0,0,0,Macaca mulatta,Macaca,Macaca mulatta,Macaca,Simian,No,5,2,4,15,3,0,1,365,296,45,4,14,1,Macaca nemestrina,Macaca,Macaca nemestrina,Macaca,Simian,No,1,1,2,3,1,0,1,81,51,9,1,3,1,Macaca nigra,Macaca,Macaca nigra,Macaca,Simian,No,0,1,1,0,0,0,0,15,27,4,0,0,0,Macaca ochreata,Macaca,Macaca ochreata,Macaca,Simian,No,0,0,0,0,0,0,0,3,3,1,0,0,0,Macaca radiata,Macaca,Macaca radiata,Macaca,Simian,No,2,1,1,0,1,0,1,25,34,3,1,0,1,Macaca silenus,Macaca,Macaca silenus,Macaca,Simian,No,1,1,1,1,0,0,0,21,48,4,1,1,1,Macaca sinica,Macaca,Macaca sinica,Macaca,Simian,No,0,0,0,0,0,0,0,3,12,1,0,0,0,Macaca sylvanus,Macaca,Macaca sylvanus,Macaca,Simian,No,0,0,1,0,0,0,1,38,67,7,0,0,0,Macaca thibetana,Macaca,Macaca thibetana,Macaca,Simian,No,0,0,0,1,0,0,0,13,42,5,0,1,0,Macaca tonkeana,Macaca,Macaca tonkeana,Macaca,Simian,No,1,2,2,2,0,0,0,21,26,8,0,1,1,Miopithecus talapoin,Miopithecus,Miopithecus talapoin,Miopithecus,Simian,No,0,0,0,0,0,0,0,2,4,2,0,0,0,Pan paniscus,Pan,Pan paniscus,Pan,Simian,Great ape,10,27,15,5,4,18,5,64,225,15,7,5,27,Pan troglodytes,Pan,Pan troglodytes,Pan,Simian,Great ape,321,371,217,214,154,140,23,364,755,102,301,210,364,Papio anubis,Papio,Papio anubis,Papio,Simian,No,12,2,8,4,5,0,3,38,43,11,12,4,2,Papio cynocephalus,Papio,Papio cynocephalus,Papio,Simian,No,0,0,0,2,0,0,0,41,114,14,0,2,0,Papio hamadryas,Papio,Papio hamadryas,Papio,Simian,No,6,12,10,1,3,4,1,23,78,2,2,0,3,Papio papio,Papio,Papio papio,Papio,Simian,No,8,4,5,3,4,1,0,10,8,7,8,3,4,Papio ursinus,Papio,Papio ursinus,Papio,Simian,No,4,4,7,5,1,2,2,13,22,4,4,5,4,Pongo pygmaeus,Pongo,Pongo pygmaeus,Pongo,Simian,Great ape,53,114,22,86,1,60,5,47,321,13,51,83,113,Saimiri boliviensis,Saimiri,Saimiri boliviensis,Saimiri,Simian,No,0,0,0,0,0,0,0,19,36,1,0,0,0,Saimiri oerstedii,Saimiri,Saimiri oerstedii,Saimiri,Simian,No,0,0,0,1,0,0,0,4,4,2,0,1,0,Saimiri sciureus,Saimiri,Saimiri sciureus,Saimiri,Simian,No,3,0,2,1,1,0,0,73,89,16,2,1,0,Saimiri ustus,Saimiri,Saimiri ustus,Saimiri,Simian,No,0,0,0,0,0,0,0,,4,,,,,Saimiri vanzolinii,Saimiri,Saimiri vanzolinii,Saimiri,Simian,No,0,0,0,0,0,0,0,,0,,,,,Allenopithecus nigroviridis,Allenopithecus,Allenopithecus nigroviridis,Allenopithecus,Simian,No,0,0,0,0,0,0,0,,6,,,,,Allocebus trichotis,Allocebus,Allocebus trichotis,Allocebus,Prosimian,No,0,0,0,0,0,0,0,3,6,2,0,0,0,Alouatta belzebul,Alouatta,Alouatta belzebul,Alouatta,Simian,No,0,0,0,0,0,0,0,3,15,1,0,0,0,Alouatta caraya,Alouatta,Alouatta caraya,Alouatta,Simian,No,1,0,1,0,0,0,0,7,45,3,1,0,0,Alouatta coibensis,Alouatta,Alouatta coibensis,Alouatta,Simian,No,0,0,0,0,0,0,0,,0,,,,,Alouatta fusca,Alouatta,Alouatta fusca,Alouatta,Simian,No,1,0,0,0,1,0,0,6,37,3,0,0,0,Alouatta palliata,Alouatta,Alouatta palliata,Alouatta,Simian,No,0,0,0,3,0,0,0,41,79,5,0,3,0,Alouatta pigra,Alouatta,Alouatta pigra,Alouatta,Simian,No,0,0,0,0,0,0,0,8,25,,,,,Alouatta sara,Alouatta,Alouatta sara,Alouatta,Simian,No,0,0,0,0,0,0,0,,4,,,,,Alouatta seniculus,Alouatta,Alouatta seniculus,Alouatta,Simian,No,4,1,0,0,4,1,0,28,82,8,4,0,0,Aotus azarai,Aotus,Aotus azarai,Aotus,Simian,No,0,0,0,0,0,0,0,2,22,,,,,Aotus brumbacki,Aotus,Aotus brumbacki,Aotus,Simian,No,0,0,0,0,0,0,0,,0,,,,,Aotus hershkovitzi,Aotus,Aotus hershkovitzi,Aotus,Simian,No,0,0,0,0,0,0,0,,0,,,,,Aotus infulatus,Aotus,Aotus infulatus,Aotus,Simian,No,0,0,0,0,0,0,0,,6,,,,,Aotus lemurinus,Aotus,Aotus lemurinus,Aotus,Simian,No,0,0,0,0,0,0,0,1,16,1,0,0,0,Aotus miconax,Aotus,Aotus miconax,Aotus,Simian,No,0,0,0,0,0,0,0,,2,,,,,Aotus nancymaae,Aotus,Aotus nancymaae,Aotus,Simian,No,0,0,0,0,0,0,0,2,5,1,0,0,0,Aotus nigriceps,Aotus,Aotus nigriceps,Aotus,Simian,No,0,0,0,0,0,0,0,,1,,,,,Aotus trivirgatus,Aotus,Aotus trivirgatus,Aotus,Simian,No,0,0,0,0,0,0,0,2,58,1,0,0,0,Aotus vociferans,Aotus,Aotus vociferans,Aotus,Simian,No,1,0,0,0,1,0,0,2,12,2,1,0,0,Arctocebus calabarensis,Arctocebus,Arctocebus calabarensis,Arctocebus,Prosimian,No,0,0,0,0,0,0,0,,1,,,,,Avahi laniger,Avahi,Avahi laniger,Avahi,Prosimian,No,0,0,0,0,0,0,0,,10,,,,,Avahi occidentalis,Avahi,Avahi occidentalis,Avahi,Prosimian,No,0,0,0,0,0,0,0,,6,,,,,Brachyteles arachnoides,Brachyteles,Brachyteles arachnoides,Brachyteles,Simian,No,0,0,0,0,0,0,0,15,57,4,0,0,0,Cacajao calvus,Cacajao,Cacajao calvus,Cacajao,Simian,No,0,0,0,0,0,0,0,,11,1,0,0,0,Cacajao melanocephalus,Cacajao,Cacajao melanocephalus,Cacajao,Simian,No,0,0,0,0,0,0,0,5,8,,,,,Cacajao rubicundus,Cacajao,Cacajao rubicundus,Cacajao,Simian,No,0,0,0,0,0,0,0,1,0,,,,,Callicebus brunneus,Callicebus,Callicebus brunneus,Callicebus,Simian,No,0,0,0,0,0,0,0,,3,,,,,Callicebus calligatus,Callicebus,Callicebus calligatus,Callicebus,Simian,No,0,0,0,0,0,0,0,,2,,,,,Callicebus cinerascens,Callicebus,Callicebus cinerascens,Callicebus,Simian,No,0,0,0,0,0,0,0,,1,,,,,Callicebus cupreus,Callicebus,Callicebus cupreus,Callicebus,Simian,No,0,0,0,0,0,0,0,2,13,2,0,0,0,Callicebus donacophilus,Callicebus,Callicebus donacophilus,Callicebus,Simian,No,0,0,0,0,0,0,0,,1,,,,,Callicebus dubius,Callicebus,Callicebus dubius,Callicebus,Simian,No,0,0,0,0,0,0,0,,0,,,,,Callicebus hoffmannsi,Callicebus,Callicebus hoffmannsi,Callicebus,Simian,No,0,0,0,0,0,0,0,,0,,,,,Callicebus modestus,Callicebus,Callicebus modestus,Callicebus,Simian,No,0,0,0,0,0,0,0,,0,,,,,Callicebus moloch,Callicebus,Callicebus moloch,Callicebus,Simian,No,0,0,0,0,0,0,0,16,18,3,0,0,0,Callicebus oenanthe,Callicebus,Callicebus oenanthe,Callicebus,Simian,No,0,0,0,0,0,0,0,,0,,,,,Callicebus olallae,Callicebus,Callicebus olallae,Callicebus,Simian,No,0,0,0,0,0,0,0,,0,,,,,Callicebus personatus,Callicebus,Callicebus personatus,Callicebus,Simian,No,0,0,0,0,0,0,0,6,19,4,0,0,0,Callicebus torquatus,Callicebus,Callicebus torquatus,Callicebus,Simian,No,0,0,0,0,0,0,0,3,4,1,0,0,0,Lophocebus albigena,Lophocebus,Cercocebus albigena,Cercocebus,Simian,No,0,0,0,0,0,0,0,7,34,1,0,0,0,Cercocebus aterrimus,Cercocebus,Cercocebus aterrimus,Cercocebus,Simian,No,0,0,0,0,0,0,0,,6,,,,,Cercocebus galeritus,Cercocebus,Cercocebus galeritus,Cercocebus,Simian,No,0,0,1,0,0,0,1,4,19,2,0,0,0,Cercocebus torquatus,Cercocebus,Cercocebus torquatus,Cercocebus,Simian,No,0,0,0,1,0,0,0,18,32,4,0,0,0,Chlorocebus aethiops,Chlorocebus,Cercopithecus aethiops,Cercopithecus,Simian,No,4,2,3,5,0,0,0,58,91,5,3,4,1,Cercopithecus ascanius,Cercopithecus,Cercopithecus ascanius,Cercopithecus,Simian,No,1,0,1,1,0,0,0,5,26,,,,,Cercopithecus campbelli,Cercopithecus,Cercopithecus campbelli,Cercopithecus,Simian,No,0,0,0,0,0,0,0,,11,,,,,Cercopithecus cephus,Cercopithecus,Cercopithecus cephus,Cercopithecus,Simian,No,0,0,0,0,0,0,0,,8,,,,,Cercopithecus denti,Cercopithecus,Cercopithecus denti,Cercopithecus,Simian,No,0,0,0,0,0,0,0,,0,,,,,Cercopithecus diana,Cercopithecus,Cercopithecus diana,Cercopithecus,Simian,No,0,0,0,1,0,0,0,4,28,2,0,1,0,Cercopithecus dryas,Cercopithecus,Cercopithecus dryas,Cercopithecus,Simian,No,0,0,0,0,0,0,0,,0,,,,,Cercopithecus erythrogaster,Cercopithecus,Cercopithecus erythrogaster,Cercopithecus,Simian,No,0,0,0,0,0,0,0,,3,,,,,Cercopithecus erythrotis,Cercopithecus,Cercopithecus erythrotis,Cercopithecus,Simian,No,0,0,0,0,0,0,0,,3,,,,,Cercopithecus hamlyni,Cercopithecus,Cercopithecus hamlyni,Cercopithecus,Simian,No,0,0,0,0,0,0,0,,4,,,,,Cercopithecus lhoesti,Cercopithecus,Cercopithecus lhoesti,Cercopithecus,Simian,No,0,0,0,0,0,0,0,4,7,,,,,Cercopithecus mitis,Cercopithecus,Cercopithecus mitis,Cercopithecus,Simian,No,4,0,3,0,1,0,0,17,56,5,4,0,0,Cercopithecus mona,Cercopithecus,Cercopithecus mona,Cercopithecus,Simian,No,0,0,0,0,0,0,0,3,8,1,0,0,0,Cercopithecus neglectus,Cercopithecus,Cercopithecus neglectus,Cercopithecus,Simian,No,0,0,0,0,0,0,0,3,17,,,,,Cercopithecus nictitans,Cercopithecus,Cercopithecus nictitans,Cercopithecus,Simian,No,0,0,0,0,0,0,0,,7,,,,,Cercopithecus petaurista,Cercopithecus,Cercopithecus petaurista,Cercopithecus,Simian,No,0,0,0,0,0,0,0,,5,,,,,Cercopithecus pogonias,Cercopithecus,Cercopithecus pogonias,Cercopithecus,Simian,No,0,0,0,0,0,0,0,1,8,,,,,Cercopithecus preussi,Cercopithecus,Cercopithecus preussi,Cercopithecus,Simian,No,0,0,0,0,0,0,0,,2,,,,,Cercopithecus salongo,Cercopithecus,Cercopithecus salongo,Cercopithecus,Simian,No,0,0,0,0,0,0,0,,0,,,,,Cercopithecus solatus,Cercopithecus,Cercopithecus solatus,Cercopithecus,Simian,No,0,0,0,0,0,0,0,2,6,,,,,Cercopithecus wolfi,Cercopithecus,Cercopithecus wolfi,Cercopithecus,Simian,No,0,0,0,0,0,0,0,,7,,,,,Cheirogaleus major,Cheirogaleus,Cheirogaleus major,Cheirogaleus,Prosimian,No,0,0,0,0,0,0,0,,3,,,,,Cheirogaleus medius,Cheirogaleus,Cheirogaleus medius,Cheirogaleus,Prosimian,No,0,0,0,0,0,0,0,6,13,,,,,Chiropotes albinasus,Chiropotes,Chiropotes albinasus,Chiropotes,Simian,No,0,0,0,0,0,0,0,2,3,1,0,0,0,Chiropotes satanas,Chiropotes,Chiropotes satanas,Chiropotes,Simian,No,2,0,2,0,0,0,0,12,21,4,2,0,0,Colobus angolensis,Colobus,Colobus angolensis,Colobus,Simian,No,0,0,0,0,0,0,0,2,16,,,,,Procolobus badius,Procolobus,Colobus badius,Colobus,Simian,No,0,0,0,0,0,0,0,11,52,5,0,0,0,Colobus guereza,Colobus,Colobus guereza,Colobus,Simian,No,1,0,1,0,0,0,0,10,42,2,0,0,0,Procolobus kirkii,Procolobus,Colobus kirkii,Colobus,Simian,No,1,0,0,1,1,0,0,3,7,2,1,1,0,Colobus polykomos,Colobus,Colobus polykomos,Colobus,Simian,No,0,0,0,0,0,0,0,3,17,1,0,0,0,Colobus satanas,Colobus,Colobus satanas,Colobus,Simian,No,0,0,0,0,0,0,0,2,10,,,,,Erythrocebus patas,Erythrocebus,Erythrocebus patas,Erythrocebus,Simian,No,1,0,1,2,1,0,1,24,33,4,0,2,0,Euoticus elegantulus,Euoticus,Euoticus elegantulus,Euoticus,Prosimian,No,0,0,0,0,0,0,0,1,1,1,0,0,0,Euoticus inustus,Euoticus,Euoticus inustus,Euoticus,Prosimian,No,0,0,0,0,0,0,0,,0,,,,,Galago alleni,Galago,Galago alleni,Galago,Prosimian,No,0,0,0,0,0,0,0,1,2,1,0,0,0,Galago granti,Galago,Galago granti,Galago,Prosimian,No,0,0,0,0,0,0,0,,0,,,,,Galago moholi,Galago,Galago moholi,Galago,Prosimian,No,0,0,0,0,0,0,0,7,14,2,0,0,0,Galago senegalensis,Galago,Galago senegalensis,Galago,Prosimian,No,0,0,0,0,0,0,0,3,20,1,0,0,0,Galagoides demidoff,Galagoides,Galagoides demidoff,Galagoides,Prosimian,No,0,0,0,0,0,0,0,2,5,1,0,0,0,Galagoides thomasi,Galagoides,Galagoides thomasi,Galagoides,Prosimian,No,0,0,0,0,0,0,0,1,,,,,,Galagoides zanzibaricus,Galagoides,Galagoides zanzibaricus,Galagoides,Prosimian,No,0,0,0,0,0,0,0,,0,,,,,Hapalemur aureus,Hapalemur,Hapalemur aureus,Hapalemur,Prosimian,No,0,0,0,0,0,0,0,,5,,,,,Hapalemur griseus,Hapalemur,Hapalemur griseus,Hapalemur,Prosimian,No,0,0,0,0,0,0,0,11,40,4,0,0,0,Hapalemur simus,Hapalemur,Hapalemur simus,Hapalemur,Prosimian,No,0,0,0,0,0,0,0,3,8,2,0,0,0,Hylobates agilis,Hylobates,Hylobates agilis,Hylobates,Simian,No,0,0,0,0,0,0,0,2,16,2,0,0,0,Hylobates concolor,Hylobates,Hylobates concolor,Hylobates,Simian,No,0,0,0,0,0,0,0,7,21,4,1,0,0,Hylobates gabriellae,Hylobates,Hylobates gabriellae,Hylobates,Simian,No,1,0,0,0,1,0,0,2,4,,,,,Hylobates hoolock,Hylobates,Hylobates hoolock,Hylobates,Simian,No,0,0,0,0,0,0,0,2,24,1,0,0,0,Hylobates klossii,Hylobates,Hylobates klossi,Hylobates,Simian,No,0,0,0,0,0,0,0,1,4,,,,,Hylobates lar,Hylobates,Hylobates lar,Hylobates,Simian,No,0,0,0,0,0,0,0,19,86,6,0,0,0,Hylobates leucogenys,Hylobates,Hylobates leucogenys,Hylobates,Simian,No,0,0,0,0,0,0,0,1,8,,,,,Hylobates moloch,Hylobates,Hylobates moloch,Hylobates,Simian,No,0,0,0,0,0,0,0,,16,,,,,Hylobates muelleri,Hylobates,Hylobates muelleri,Hylobates,Simian,No,0,0,0,0,0,0,0,1,5,1,0,0,0,Hylobates pileatus,Hylobates,Hylobates pileatus,Hylobates,Simian,No,1,0,0,0,1,0,0,3,16,2,1,0,0,Hylobates syndactylus,Hylobates,Hylobates syndactylus,Hylobates,Simian,No,0,0,0,0,0,0,0,8,40,4,0,0,0,Indri indri,Indri,Indri indri,Indri,Prosimian,No,0,0,0,0,0,0,0,2,8,,,,,Lemur catta,Lemur,Lemur catta,Lemur,Prosimian,No,2,0,2,4,0,0,0,43,103,11,2,4,0,Leontopithecus chrysomelas,Leontopithecus,Leontopithecus chrysomelas,Leontopithecus,Simian,No,1,0,0,0,1,0,0,9,46,3,1,0,0,Leontopithecus chrysopygus,Leontopithecus,Leontopithecus chrysopygus,Leontopithecus,Simian,No,0,0,0,0,0,0,0,2,38,,,,,Leontopithecus rosalia,Leontopithecus,Leontopithecus rosalia,Leontopithecus,Simian,No,0,0,0,0,0,0,0,23,85,2,0,0,0,Lepilemur dorsalis,Lepilemur,Lepilemur dorsalis,Lepilemur,Prosimian,No,0,0,0,0,0,0,0,1,1,,,,,Lepilemur edwardsi,Lepilemur,Lepilemur edwardsi,Lepilemur,Prosimian,No,0,0,0,0,0,0,0,,5,,,,,Lepilemur leucopus,Lepilemur,Lepilemur leucopus,Lepilemur,Prosimian,No,0,0,0,0,0,0,0,2,2,,,,,Lepilemur microdon,Lepilemur,Lepilemur microdon,Lepilemur,Prosimian,No,0,0,0,0,0,0,0,1,1,,,,,Lepilemur mustelinus,Lepilemur,Lepilemur mustelinus,Lepilemur,Prosimian,No,0,0,0,0,0,0,0,,5,,,,,Lepilemur ruficaudatus,Lepilemur,Lepilemur ruficaudatus,Lepilemur,Prosimian,No,0,0,0,0,0,0,0,2,2,,,,,Lepilemur septentrionalis,Lepilemur,Lepilemur septentrionalis,Lepilemur,Prosimian,No,0,0,0,0,0,0,0,,0,,,,,Loris tardigradus,Loris,Loris tardigradus,Loris,Prosimian,No,1,0,0,0,1,0,0,6,14,3,1,0,0,Mandrillus leucophaeus,Mandrillus,Mandrillus leucophaeus,Mandrillus,Simian,No,0,0,0,0,0,0,0,3,18,,,,,Mandrillus sphinx,Mandrillus,Mandrillus sphinx,Mandrillus,Simian,No,0,0,0,3,0,0,0,4,30,2,0,3,0,Microcebus murinus,Microcebus,Microcebus murinus,Microcebus,Prosimian,No,0,0,0,0,0,0,0,44,66,6,0,0,0,Microcebus myoxinus,Microcebus,Microcebus myoxinus,Microcebus,Prosimian,No,0,0,0,0,0,0,0,2,,,,,,Microcebus ravelobensis,Microcebus,Microcebus ravelobensis,Microcebus,Prosimian,No,0,0,0,0,0,0,0,2,,,,,,Microcebus rufus,Microcebus,Microcebus rufus,Microcebus,Prosimian,No,0,0,0,0,0,0,0,5,8,,,,,Microcebus coquereli,Microcebus,Mirza coquereli,Mirza,Prosimian,No,0,0,0,0,0,0,0,2,3,,,,,Nasalis larvatus,Nasalis,Nasalis larvatus,Nasalis,Simian,No,0,0,0,0,0,0,0,11,17,4,0,0,0,Nycticebus coucang,Nycticebus,Nycticebus coucang,Nycticebus,Prosimian,No,0,0,0,0,0,0,0,7,37,,,,,Nycticebus pygmaeus,Nycticebus,Nycticebus pygmaeus,Nycticebus,Prosimian,No,0,0,0,0,0,0,0,10,19,2,0,0,0,Otolemur crassicaudatus,Otolemur,Otolemur crassicaudatus,Otolemur,Prosimian,No,2,0,2,1,1,0,1,11,36,8,2,1,0,Otolemur garnettii,Otolemur,Otolemur garnettii,Otolemur,Prosimian,No,1,0,0,1,1,0,0,17,12,4,1,0,0,Perodicticus potto,Perodicticus,Perodicticus potto,Perodicticus,Prosimian,No,0,0,0,0,0,0,0,1,10,,,,,Eulemur coronatus,Eulemur,Petterus coronatus,Petterus,Prosimian,No,0,0,0,0,0,0,0,2,11,,,,,Eulemur fulvus,Eulemur,Petterus fulvus,Petterus,Prosimian,No,3,0,3,1,0,0,0,24,81,8,3,1,0,Eulemur macaco,Eulemur,Petterus macaco,Petterus,Prosimian,No,1,1,2,0,0,0,2,18,32,4,0,0,0,Eulemur mongoz,Eulemur,Petterus mongoz,Petterus,Prosimian,No,1,0,1,0,0,0,0,6,13,1,1,0,0,Eulemur rubriventer,Eulemur,Petterus rubriventer,Petterus,Prosimian,No,0,0,0,0,0,0,0,4,13,,,,,Phaner furcifer,Phaner,Phaner furcifer,Phaner,Prosimian,No,0,0,0,0,0,0,0,1,1,1,0,0,0,Pithecia aequatorialis,Pithecia,Pithecia aequatorialis,Pithecia,Simian,No,0,0,0,0,0,0,0,,0,,,,,Pithecia albicans,Pithecia,Pithecia albicans,Pithecia,Simian,No,0,0,0,0,0,0,0,1,1,,,,,Pithecia irrorata,Pithecia,Pithecia irrorata,Pithecia,Simian,No,0,0,0,0,0,0,0,1,7,,,,,Pithecia monachus,Pithecia,Pithecia monachus,Pithecia,Simian,No,0,0,0,0,0,0,0,,1,,,,,Pithecia pithecia,Pithecia,Pithecia pithecia,Pithecia,Simian,No,0,0,0,0,0,0,0,10,28,,,,,Trachypithecus auratus,Trachypithecus,Presbytis aurata,Presbytis,Simian,No,0,0,0,0,0,0,0,1,2,,,,,Presbytis comata,Presbytis,Presbytis comata,Presbytis,Simian,No,0,0,0,0,0,0,0,,11,2,0,0,0,Trachypithecus cristatus,Trachypithecus,Presbytis cristata,Presbytis,Simian,No,0,0,0,0,0,0,0,4,8,2,0,0,0,Trachypithecus delacouri,Trachypithecus,Presbytis delacouri,Presbytis,Simian,No,0,0,0,0,0,0,0,1,,,,,,Semnopithecus entellus,Semnopithecus,Presbytis entellus,Presbytis,Simian,No,7,0,3,2,4,0,0,41,98,19,6,2,0,Trachypithecus francoisi,Trachypithecus,Presbytis francoisi,Presbytis,Simian,No,0,0,0,0,0,0,0,7,45,3,0,0,0,Presbytis frontata,Presbytis,Presbytis frontata,Presbytis,Simian,No,0,0,0,0,0,0,0,,1,,,,,Presbytis geei,Presbytis,Presbytis geei,Presbytis,Simian,No,0,0,0,0,0,0,0,,7,,,,,Trachypithecus johnii,Trachypithecus,Presbytis johnii,Presbytis,Simian,No,0,0,0,1,0,0,0,1,9,,,,,Presbytis melalophos,Presbytis,Presbytis melalophos,Presbytis,Simian,No,0,0,0,0,0,0,0,1,6,1,0,0,0,Trachypithecus obscurus,Trachypithecus,Presbytis obscura,Presbytis,Simian,No,0,0,0,0,0,0,0,1,6,,,,,Trachypithecus phayrei,Trachypithecus,Presbytis phayrei,Presbytis,Simian,No,0,0,0,0,0,0,0,1,16,1,0,0,0,Trachypithecus pileatus,Trachypithecus,Presbytis pileatus,Presbytis,Simian,No,0,0,0,0,0,0,0,2,5,,,,,Presbytis potenziani,Presbytis,Presbytis potenziani,Presbytis,Simian,No,0,0,0,0,0,0,0,,3,,,,,Presbytis rubicunda,Presbytis,Presbytis rubicunda,Presbytis,Simian,No,0,0,0,0,0,0,0,2,3,,,,,Presbytis thomasi,Presbytis,Presbytis thomasi,Presbytis,Simian,No,0,0,0,0,0,0,0,3,,,,,,Presbytis vetulus,Presbytis,Presbytis vetulus,Presbytis,Simian,No,0,0,0,0,0,0,0,,2,,,,,Procolobus pennantii,Procolobus,Procolobus pennantii,Procolobus,Simian,No,0,0,0,0,0,0,0,2,,,,,,Procolobus preussi,Procolobus,Procolobus preussi,Procolobus,Simian,No,0,0,0,0,0,0,0,1,,,,,,Procolobus verus,Procolobus,Procolobus verus,Procolobus,Simian,No,0,0,0,0,0,0,0,,3,,,,,Propithecus diadema,Propithecus,Propithecus diadema,Propithecus,Prosimian,No,0,0,0,0,0,0,0,9,28,3,0,0,0,Propithecus tattersalli,Propithecus,Propithecus tattersalli,Propithecus,Prosimian,No,0,0,0,0,0,0,0,1,9,,,,,Propithecus verreauxi,Propithecus,Propithecus verreauxi,Propithecus,Prosimian,No,0,0,0,1,0,0,0,13,41,3,0,1,0,Pygathrix avunculus,Pygathrix,Pygathrix avunculus,Pygathrix,Simian,No,0,0,0,0,0,0,0,2,11,,,,,Pygathrix bieti,Pygathrix,Pygathrix bieti,Pygathrix,Simian,No,0,0,0,0,0,0,0,8,,,,,,Pygathrix brelichi,Pygathrix,Pygathrix brelichi,Pygathrix,Simian,No,0,0,0,0,0,0,0,1,16,1,0,0,0,Pygathrix nemaeus,Pygathrix,Pygathrix nemaeus,Pygathrix,Simian,No,0,0,0,0,0,0,0,2,25,,,,,Pygathrix roxellana,Pygathrix,Pygathrix roxellana,Pygathrix,Simian,No,1,0,1,0,0,0,0,12,36,9,0,0,0,Saguinus bicolor,Saguinus,Saguinus bicolor,Saguinus,Simian,No,0,0,0,0,0,0,0,1,9,1,0,0,0,Saguinus fuscicollis,Saguinus,Saguinus fuscicollis,Saguinus,Simian,No,1,1,1,2,1,1,1,20,81,9,1,2,1,Saguinus geoffroyi,Saguinus,Saguinus geoffroyi,Saguinus,Simian,No,0,0,0,0,0,0,0,6,,,,,,Saguinus imperator,Saguinus,Saguinus imperator,Saguinus,Simian,No,0,0,0,0,0,0,0,4,16,,,,,Saguinus inustus,Saguinus,Saguinus inustus,Saguinus,Simian,No,0,0,0,0,0,0,0,,0,,,,,Saguinus labiatus,Saguinus,Saguinus labiatus,Saguinus,Simian,No,0,0,0,2,0,0,0,11,27,3,0,2,0,Saguinus leucopus,Saguinus,Saguinus leucopus,Saguinus,Simian,No,0,0,0,0,0,0,0,,3,,,,,Saguinus midas,Saguinus,Saguinus midas,Saguinus,Simian,No,0,0,0,0,0,0,0,4,17,2,0,0,0,Saguinus mystax,Saguinus,Saguinus mystax,Saguinus,Simian,No,4,0,0,0,4,0,0,17,46,7,4,0,0,Saguinus nigricollis,Saguinus,Saguinus nigricollis,Saguinus,Simian,No,0,0,0,0,0,0,0,1,3,,,,,Saguinus oedipus,Saguinus,Saguinus oedipus,Saguinus,Simian,No,0,0,0,0,0,0,0,33,153,6,0,0,0,Saguinus tripartitus,Saguinus,Saguinus tripartitus,Saguinus,Simian,No,0,0,0,0,0,0,0,1,5,,,,,Nasalis concolor,Nasalis,Simias concolor,Simias,Simian,No,0,0,0,0,0,0,0,2,4,1,0,0,0,Tarsius bancanus,Tarsius,Tarsius bancanus,Tarsius,Tarsier,No,0,0,0,0,0,0,0,3,8,,,,,Tarsius dianae,Tarsius,Tarsius dianae,Tarsius,Tarsier,No,0,0,0,0,0,0,0,4,2,1,0,0,0,Tarsius pumilis,Tarsius,Tarsius pumilis,Tarsius,Tarsier,No,0,0,0,0,0,0,0,,0,,,,,Tarsius spectrum,Tarsius,Tarsius spectrum,Tarsius,Tarsier,No,0,0,0,0,0,0,0,8,9,,,,,Tarsius syrichta,Tarsius,Tarsius syrichta,Tarsius,Tarsier,No,0,0,0,0,0,0,0,,10,,,,,Theropithecus gelada,Theropithecus,Theropithecus gelada,Theropithecus,Simian,No,0,0,0,0,0,0,0,10,34,3,0,0,0,Varecia variegata,Varecia,Varecia variegata,Varecia,Prosimian,No,0,0,0,0,0,0,0,13,57,2,0,0,0,